{
	"class_name" : "PinholeCameraParameters",
	"extrinsic" : 
	[
		0.94966606347330773,
		0.025528485968919983,
		-0.31222213933551562,
		0.0,
		-0.0098176447572952841,
		0.99860981685448924,
		0.051788488424197761,
		0.0,
		0.31311017507984473,
		-0.046116483885682007,
		0.94859648332443802,
		0.0,
		-0.20925607463729543,
		-0.39289998743525201,
		-1.0637293315924263,
		1.0
	],
	"intrinsic" : 
	{
		"height" : 1080,
		"intrinsic_matrix" : 
		[
			935.30743608719376,
			0.0,
			0.0,
			0.0,
			935.30743608719376,
			0.0,
			959.5,
			539.5,
			1.0
		],
		"width" : 1920
	},
	"version_major" : 1,
	"version_minor" : 0
}