{
	"class_name" : "PinholeCameraParameters",
	"extrinsic" : 
	[
		0.99740922466889737,
		0.067266164205714726,
		-0.025497091960439953,
		0.0,
		-0.066538010124484098,
		0.99737946754256546,
		0.028405825690920039,
		0.0,
		0.027341026938711765,
		-0.02663570681545175,
		0.99927123813726271,
		0.0,
		0.1384497815635142,
		0.42471329965282961,
		1.6447094110244833,
		1.0
	],
	"intrinsic" : 
	{
		"height" : 1080,
		"intrinsic_matrix" : 
		[
			935.30743608719376,
			0.0,
			0.0,
			0.0,
			935.30743608719376,
			0.0,
			959.5,
			539.5,
			1.0
		],
		"width" : 1920
	},
	"version_major" : 1,
	"version_minor" : 0
}