{
	"class_name" : "PinholeCameraParameters",
	"extrinsic" : 
	[
		0.99944065674905636,
		0.030080603297321259,
		0.014612697981014182,
		0.0,
		-0.016788479506839888,
		0.073398493672978113,
		0.99716137514566128,
		0.0,
		0.028922665728863369,
		-0.99684894464096574,
		0.073862446312923144,
		0.0,
		1.0633028720287601,
		42.69072253785685,
		94.459107351143814,
		1.0
	],
	"intrinsic" : 
	{
		"height" : 1080,
		"intrinsic_matrix" : 
		[
			935.30743608719376,
			0.0,
			0.0,
			0.0,
			935.30743608719376,
			0.0,
			959.5,
			539.5,
			1.0
		],
		"width" : 1920
	},
	"version_major" : 1,
	"version_minor" : 0
}