{
	"class_name" : "PinholeCameraParameters",
	"extrinsic" : 
	[
		0.99948796601085699,
		0.019331427806579364,
		-0.025497091960439953,
		0.0,
		-0.018605540191450397,
		0.99942330518204425,
		0.028405825690920039,
		0.0,
		0.026031513088263722,
		-0.027916893773441556,
		0.99927123813726271,
		0.0,
		0.099798411682921098,
		0.18251635041055769,
		1.6447094110244869,
		1.0
	],
	"intrinsic" : 
	{
		"height" : 1080,
		"intrinsic_matrix" : 
		[
			935.30743608719376,
			0.0,
			0.0,
			0.0,
			935.30743608719376,
			0.0,
			959.5,
			539.5,
			1.0
		],
		"width" : 1920
	},
	"version_major" : 1,
	"version_minor" : 0
}