{
	"class_name" : "PinholeCameraParameters",
	"extrinsic" : 
	[
		0.96983252850264035,
		-0.031377270573081532,
		-0.24174435577601172,
		0.0,
		0.0078374961918427546,
		0.99518235961615431,
		-0.097727400263520198,
		0.0,
		0.24364613748553071,
		0.092884541233765425,
		0.96540614338638586,
		0.0,
		-0.07638041136811366,
		-0.30383074892773287,
		-0.57212353082874179,
		1.0
	],
	"intrinsic" : 
	{
		"height" : 1080,
		"intrinsic_matrix" : 
		[
			935.30743608719376,
			0.0,
			0.0,
			0.0,
			935.30743608719376,
			0.0,
			959.5,
			539.5,
			1.0
		],
		"width" : 1920
	},
	"version_major" : 1,
	"version_minor" : 0
}