{
	"class_name" : "PinholeCameraParameters",
	"extrinsic" : 
	[
		0.96168012865657571,
		-0.1020315439546577,
		-0.25448161856075341,
		0.0,
		0.06582483613458151,
		0.9869503483457267,
		-0.14695611878416009,
		0.0,
		0.2661548817792519,
		0.12457356837819743,
		0.95584674763614441,
		0.0,
		0.033563325660408205,
		-1.6858609434537333,
		-3.1483946874724613,
		1.0
	],
	"intrinsic" : 
	{
		"height" : 1080,
		"intrinsic_matrix" : 
		[
			935.30743608719376,
			0.0,
			0.0,
			0.0,
			935.30743608719376,
			0.0,
			959.5,
			539.5,
			1.0
		],
		"width" : 1920
	},
	"version_major" : 1,
	"version_minor" : 0
}