{
	"class_name" : "PinholeCameraParameters",
	"extrinsic" : 
	[
		-0.49325850052311448,
		-0.27356201803655567,
		0.82574806929804923,
		0.0,
		0.39919313762069392,
		-0.91459261112341528,
		-0.064538318501484671,
		0.0,
		0.77287831547937391,
		0.29779888845699298,
		0.56033466026611722,
		0.0,
		-1546.031721181633,
		1.8224571185897958,
		5869.105980207084,
		1.0
	],
	"intrinsic" : 
	{
		"height" : 1080,
		"intrinsic_matrix" : 
		[
			935.30743608719376,
			0.0,
			0.0,
			0.0,
			935.30743608719376,
			0.0,
			959.5,
			539.5,
			1.0
		],
		"width" : 1920
	},
	"version_major" : 1,
	"version_minor" : 0
}